{"cameraMode":{"drawMode":0,"name":"Shaded","section":"Shading Mode"},"sceneLighting":true,"audioPlay":false,"sceneViewState":{"showFog":true,"showMaterialUpdate":true,"showSkybox":true,"showFlares":true,"showImageEffects":true,"showParticleSystems":true},"in2DMode":false,"pivot":{"x":0.1884128749370575,"y":96.53126525878906,"z":67.37366485595703},"rotation":{"x":0.017223116010427476,"y":-0.41887912154197695,"z":-0.007190211210399866,"w":-0.9081175923347473},"size":15.059112548828125,"orthographic":false}