{"cameraMode":{"drawMode":0,"name":"Shaded","section":"Shading Mode"},"sceneLighting":true,"audioPlay":false,"sceneViewState":{"showFog":true,"showMaterialUpdate":true,"showSkybox":true,"showFlares":true,"showImageEffects":true,"showParticleSystems":true},"in2DMode":false,"pivot":{"x":0.23088860511779786,"y":-6.81069803237915,"z":11.686585426330567},"rotation":{"x":-0.2042594999074936,"y":-0.019638121128082277,"z":0.004408814944326878,"w":-0.9789365530014038},"size":26.730361938476564,"orthographic":false}