{"cameraMode":{"drawMode":0,"name":"Shaded","section":"Shading Mode"},"sceneLighting":false,"audioPlay":false,"sceneViewState":{"showFog":true,"showMaterialUpdate":true,"showSkybox":true,"showFlares":true,"showImageEffects":true,"showParticleSystems":true},"in2DMode":false,"pivot":{"x":769.8814697265625,"y":13.179344177246094,"z":204.3893280029297},"rotation":{"x":-0.06545857340097428,"y":-0.6972194314002991,"z":0.06420249491930008,"w":-0.7110956311225891},"size":581.4254150390625,"orthographic":false}