{"cameraMode":{"drawMode":0,"name":"Shaded","section":"Shading Mode"},"sceneLighting":true,"audioPlay":false,"sceneViewState":{"showFog":true,"showMaterialUpdate":true,"showSkybox":true,"showFlares":true,"showImageEffects":true,"showParticleSystems":true},"in2DMode":false,"pivot":{"x":56.7890510559082,"y":124.61939239501953,"z":126.24642181396485},"rotation":{"x":0.23357416689395905,"y":-0.642906904220581,"z":-0.21405205130577088,"w":-0.6977078914642334},"size":24.061948776245118,"orthographic":false}