{"cameraMode":{"drawMode":0,"name":"Shaded","section":"Shading Mode"},"sceneLighting":true,"audioPlay":false,"sceneViewState":{"showFog":true,"showMaterialUpdate":true,"showSkybox":true,"showFlares":true,"showImageEffects":true,"showParticleSystems":true},"in2DMode":false,"pivot":{"x":1777.9156494140625,"y":-6260.5224609375,"z":3460.751708984375},"rotation":{"x":0.49414220452308657,"y":0.1975543051958084,"z":-0.11959807574748993,"w":0.8385717272758484},"size":7746.61669921875,"orthographic":false}