{"cameraMode":{"drawMode":0,"name":"Shaded","section":"Shading Mode"},"sceneLighting":false,"audioPlay":false,"sceneViewState":{"showFog":true,"showMaterialUpdate":true,"showSkybox":true,"showFlares":true,"showImageEffects":true,"showParticleSystems":true},"in2DMode":false,"pivot":{"x":71.99652099609375,"y":66.99848937988281,"z":145.0},"rotation":{"x":0.07648388296365738,"y":0.6921472549438477,"z":-0.07322228699922562,"w":0.7141014933586121},"size":3.1138670444488527,"orthographic":false}