{"cameraMode":{"drawMode":0,"name":"Shaded","section":"Shading Mode"},"sceneLighting":true,"audioPlay":false,"sceneViewState":{"showFog":true,"showMaterialUpdate":true,"showSkybox":true,"showFlares":true,"showImageEffects":true,"showParticleSystems":true},"in2DMode":false,"pivot":{"x":80.7136001586914,"y":126.0571517944336,"z":117.73003387451172},"rotation":{"x":0.01361964363604784,"y":0.9222013354301453,"z":-0.03262053430080414,"w":0.38510438799858096},"size":16.11968994140625,"orthographic":false}