{"cameraMode":{"drawMode":0,"name":"Shaded","section":"Shading Mode"},"sceneLighting":true,"audioPlay":false,"sceneViewState":{"showFog":true,"showMaterialUpdate":true,"showSkybox":true,"showFlares":true,"showImageEffects":true,"showParticleSystems":true},"in2DMode":false,"pivot":{"x":76.9779052734375,"y":129.25303649902345,"z":114.71492004394531},"rotation":{"x":0.06800045073032379,"y":-0.6099418997764587,"z":0.053066857159137729,"w":0.7878608703613281},"size":32.008296966552737,"orthographic":false}