{"cameraMode":{"drawMode":0,"name":"Shaded","section":"Shading Mode"},"sceneLighting":true,"audioPlay":false,"sceneViewState":{"showFog":true,"showMaterialUpdate":true,"showSkybox":true,"showFlares":true,"showImageEffects":true,"showParticleSystems":true},"in2DMode":false,"pivot":{"x":93.36068725585938,"y":117.31102752685547,"z":121.65909576416016},"rotation":{"x":0.26234719157218935,"y":-0.20166826248168946,"z":-0.05616704747080803,"w":-0.9419962763786316},"size":4.231760501861572,"orthographic":false}