{"cameraMode":{"drawMode":0,"name":"Shaded","section":"Shading Mode"},"sceneLighting":false,"audioPlay":false,"sceneViewState":{"showFog":true,"showMaterialUpdate":true,"showSkybox":true,"showFlares":true,"showImageEffects":true,"showParticleSystems":true},"in2DMode":false,"pivot":{"x":0.5091030597686768,"y":-0.5851032733917236,"z":0.1474170684814453},"rotation":{"x":0.004638670478016138,"y":0.9944161772727966,"z":-0.09305890649557114,"w":0.049564115703105929},"size":22.0,"orthographic":false}