{"cameraMode":{"drawMode":0,"name":"Shaded","section":"Shading Mode"},"sceneLighting":true,"audioPlay":false,"sceneViewState":{"showFog":true,"showMaterialUpdate":true,"showSkybox":true,"showFlares":true,"showImageEffects":true,"showParticleSystems":true},"in2DMode":false,"pivot":{"x":403.2576599121094,"y":-322.8099365234375,"z":401.20806884765627},"rotation":{"x":-0.3462306261062622,"y":-0.3437238037586212,"z":0.14018650352954865,"w":-0.8618817329406738},"size":758.1490478515625,"orthographic":false}