{"cameraMode":{"drawMode":0,"name":"Shaded","section":"Shading Mode"},"sceneLighting":true,"audioPlay":false,"sceneViewState":{"showFog":true,"showMaterialUpdate":true,"showSkybox":true,"showFlares":true,"showImageEffects":true,"showParticleSystems":true},"in2DMode":false,"pivot":{"x":32.69651412963867,"y":-4.639015197753906,"z":-6.8465399742126469},"rotation":{"x":-0.09892576187849045,"y":-0.7829475402832031,"z":0.1289980262517929,"w":-0.6004968285560608},"size":45.42923355102539,"orthographic":false}