{"cameraMode":{"drawMode":0,"name":"Shaded","section":"Shading Mode"},"sceneLighting":false,"audioPlay":false,"sceneViewState":{"showFog":true,"showMaterialUpdate":true,"showSkybox":true,"showFlares":true,"showImageEffects":true,"showParticleSystems":true},"in2DMode":false,"pivot":{"x":0.5847938656806946,"y":0.3661886751651764,"z":-1.9008004665374756},"rotation":{"x":0.05690985545516014,"y":0.9356775283813477,"z":-0.17783072590827943,"w":0.29958173632621767},"size":3.6026976108551027,"orthographic":false}