{"cameraMode":{"drawMode":0,"name":"Shaded","section":"Shading Mode"},"sceneLighting":false,"audioPlay":false,"sceneViewState":{"showFog":true,"showMaterialUpdate":true,"showSkybox":true,"showFlares":true,"showImageEffects":true,"showParticleSystems":true},"in2DMode":false,"pivot":{"x":211.03155517578126,"y":133.30532836914063,"z":197.8376007080078},"rotation":{"x":-0.11489309370517731,"y":0.8652571439743042,"z":0.4304388165473938,"w":0.2303423285484314},"size":9.371406555175782,"orthographic":false}