{"cameraMode":{"drawMode":0,"name":"Shaded","section":"Shading Mode"},"sceneLighting":false,"audioPlay":false,"sceneViewState":{"showFog":true,"showMaterialUpdate":true,"showSkybox":true,"showFlares":true,"showImageEffects":true,"showParticleSystems":true},"in2DMode":false,"pivot":{"x":-0.000003814697265625,"y":7.8787641525268559,"z":0.09733963012695313},"rotation":{"x":-0.0003529244859237224,"y":-0.9980925917625427,"z":-0.06167539209127426,"w":0.0057172635570168499},"size":45.42923355102539,"orthographic":false}