{"cameraMode":{"drawMode":0,"name":"Shaded","section":"Shading Mode"},"sceneLighting":true,"audioPlay":false,"sceneViewState":{"showFog":true,"showMaterialUpdate":true,"showSkybox":true,"showFlares":true,"showImageEffects":true,"showParticleSystems":true},"in2DMode":false,"pivot":{"x":45.88856887817383,"y":127.1238784790039,"z":125.2354965209961},"rotation":{"x":0.3526967167854309,"y":-0.5980198979377747,"z":-0.32787245512008669,"w":-0.6410742998123169},"size":24.061948776245118,"orthographic":false}