{"cameraMode":{"drawMode":0,"name":"Shaded","section":"Shading Mode"},"sceneLighting":false,"audioPlay":false,"sceneViewState":{"showFog":true,"showMaterialUpdate":true,"showSkybox":true,"showFlares":true,"showImageEffects":true,"showParticleSystems":true},"in2DMode":false,"pivot":{"x":164.76632690429688,"y":237.31362915039063,"z":-210.60044860839845},"rotation":{"x":0.012320064008235932,"y":0.9873226881027222,"z":-0.1238926574587822,"w":0.10012106597423554},"size":332.1278381347656,"orthographic":false}