{"cameraMode":{"drawMode":0,"name":"Shaded","section":"Shading Mode"},"sceneLighting":false,"audioPlay":false,"sceneViewState":{"showFog":true,"showMaterialUpdate":true,"showSkybox":true,"showFlares":true,"showImageEffects":true,"showParticleSystems":true},"in2DMode":false,"pivot":{"x":254.7967529296875,"y":-12.997393608093262,"z":177.310302734375},"rotation":{"x":0.21382927894592286,"y":0.650156557559967,"z":-0.1981433928012848,"w":0.7016746997833252},"size":298.46282958984377,"orthographic":false}