{"cameraMode":{"drawMode":0,"name":"Shaded","section":"Shading Mode"},"sceneLighting":false,"audioPlay":false,"sceneViewState":{"showFog":true,"showMaterialUpdate":true,"showSkybox":true,"showFlares":true,"showImageEffects":true,"showParticleSystems":true},"in2DMode":false,"pivot":{"x":1.3879458904266358,"y":1.486356258392334,"z":-7.822532653808594},"rotation":{"x":-0.0018447705078870059,"y":-0.9968143701553345,"z":0.07619036734104157,"w":-0.024199504405260087},"size":45.42923355102539,"orthographic":false}