{"cameraMode":{"drawMode":0,"name":"Shaded","section":"Shading Mode"},"sceneLighting":true,"audioPlay":false,"sceneViewState":{"showFog":true,"showMaterialUpdate":true,"showSkybox":true,"showFlares":true,"showImageEffects":true,"showParticleSystems":true},"in2DMode":false,"pivot":{"x":141.3489990234375,"y":260.2370910644531,"z":69.03239440917969},"rotation":{"x":0.2701262831687927,"y":-0.6374531388282776,"z":0.25656190514564516,"w":0.6746612787246704},"size":12.124322891235352,"orthographic":false}