{"cameraMode":{"drawMode":0,"name":"Shaded","section":"Shading Mode"},"sceneLighting":false,"audioPlay":false,"sceneViewState":{"showFog":true,"showMaterialUpdate":true,"showSkybox":true,"showFlares":true,"showImageEffects":true,"showParticleSystems":true},"in2DMode":false,"pivot":{"x":-1.9890599250793458,"y":11.201050758361817,"z":0.0},"rotation":{"x":0.00958218239247799,"y":-0.7766934633255005,"z":-0.01181777473539114,"w":-0.6297175288200378},"size":43.19163513183594,"orthographic":false}