{"cameraMode":{"drawMode":0,"name":"Shaded","section":"Shading Mode"},"sceneLighting":true,"audioPlay":false,"sceneViewState":{"showFog":true,"showMaterialUpdate":true,"showSkybox":true,"showFlares":true,"showImageEffects":true,"showParticleSystems":true},"in2DMode":false,"pivot":{"x":117.06224060058594,"y":46.73944854736328,"z":66.89035034179688},"rotation":{"x":-0.2398068904876709,"y":-0.7590354681015015,"z":0.45837360620498659,"w":-0.3953569233417511},"size":106.45861053466797,"orthographic":false}