{"cameraMode":{"drawMode":0,"name":"Shaded","section":"Shading Mode"},"sceneLighting":true,"audioPlay":false,"sceneViewState":{"showFog":true,"showMaterialUpdate":true,"showSkybox":true,"showFlares":true,"showImageEffects":true,"showParticleSystems":true},"in2DMode":false,"pivot":{"x":92.7988052368164,"y":217.35255432128907,"z":116.75873565673828},"rotation":{"x":0.2793159782886505,"y":-0.024528328329324724,"z":0.005943180527538061,"w":0.9601516127586365},"size":31.986312866210939,"orthographic":false}