{"cameraMode":{"drawMode":0,"name":"Shaded","section":"Shading Mode"},"sceneLighting":true,"audioPlay":false,"sceneViewState":{"showFog":true,"showMaterialUpdate":true,"showSkybox":true,"showFlares":true,"showImageEffects":true,"showParticleSystems":true},"in2DMode":false,"pivot":{"x":118.2583999633789,"y":116.34197235107422,"z":81.1679916381836},"rotation":{"x":0.03195440396666527,"y":0.9611067771911621,"z":-0.12602494657039643,"w":0.24370083212852479},"size":46.21242141723633,"orthographic":false}