{"cameraMode":{"drawMode":0,"name":"Shaded","section":"Shading Mode"},"sceneLighting":true,"audioPlay":false,"sceneViewState":{"showFog":true,"showMaterialUpdate":true,"showSkybox":true,"showFlares":true,"showImageEffects":true,"showParticleSystems":true},"in2DMode":false,"pivot":{"x":41.7855110168457,"y":162.29100036621095,"z":175.85952758789063},"rotation":{"x":0.24751074612140656,"y":0.46041205525398257,"z":-0.13695783913135529,"w":0.8417473435401917},"size":82.59381866455078,"orthographic":false}