{"cameraMode":{"drawMode":0,"name":"Shaded","section":"Shading Mode"},"sceneLighting":true,"audioPlay":false,"sceneViewState":{"showFog":true,"showMaterialUpdate":true,"showSkybox":true,"showFlares":true,"showImageEffects":true,"showParticleSystems":true},"in2DMode":false,"pivot":{"x":60.30338668823242,"y":99.77505493164063,"z":60.98445510864258},"rotation":{"x":0.12424670904874802,"y":-0.7488669157028198,"z":0.1473950743675232,"w":0.6341919898986816},"size":85.8424301147461,"orthographic":false}