{"cameraMode":{"drawMode":0,"name":"Shaded","section":"Shading Mode"},"sceneLighting":false,"audioPlay":false,"sceneViewState":{"showFog":true,"showMaterialUpdate":true,"showSkybox":true,"showFlares":true,"showImageEffects":true,"showParticleSystems":true},"in2DMode":false,"pivot":{"x":262.2196960449219,"y":758.3093872070313,"z":169.55850219726563},"rotation":{"x":-0.06943338364362717,"y":-0.28965410590171816,"z":-0.021023565903306009,"w":0.9545602202415466},"size":30.01140785217285,"orthographic":false}