{"cameraMode":{"drawMode":0,"name":"Shaded","section":"Shading Mode"},"sceneLighting":false,"audioPlay":false,"sceneViewState":{"showFog":true,"showMaterialUpdate":true,"showSkybox":true,"showFlares":true,"showImageEffects":true,"showParticleSystems":true},"in2DMode":false,"pivot":{"x":0.18538260459899903,"y":2.2991137504577638,"z":0.1022036075592041},"rotation":{"x":0.024292899295687677,"y":0.026792781427502633,"z":-0.0008510493207722902,"w":0.9994245171546936},"size":10.452804565429688,"orthographic":false}