{"cameraMode":{"drawMode":0,"name":"Shaded","section":"Shading Mode"},"sceneLighting":true,"audioPlay":false,"sceneViewState":{"showFog":true,"showMaterialUpdate":true,"showSkybox":true,"showFlares":true,"showImageEffects":true,"showParticleSystems":true},"in2DMode":false,"pivot":{"x":80.53792572021485,"y":90.06104278564453,"z":81.2278060913086},"rotation":{"x":0.0834714025259018,"y":0.8950974941253662,"z":-0.18737360835075379,"w":0.3961556553840637},"size":77.68663787841797,"orthographic":false}