{"cameraMode":{"drawMode":0,"name":"Shaded","section":"Shading Mode"},"sceneLighting":false,"audioPlay":false,"sceneViewState":{"showFog":true,"showMaterialUpdate":true,"showSkybox":true,"showFlares":true,"showImageEffects":true,"showParticleSystems":true},"in2DMode":false,"pivot":{"x":0.0,"y":113.66397857666016,"z":0.1421337127685547},"rotation":{"x":0.15563316643238069,"y":0.7271204590797424,"z":-0.1736915111541748,"w":0.6456889510154724},"size":11.986858367919922,"orthographic":false}