{"cameraMode":{"drawMode":0,"name":"Shaded","section":"Shading Mode"},"sceneLighting":false,"audioPlay":false,"sceneViewState":{"showFog":true,"showMaterialUpdate":true,"showSkybox":true,"showFlares":true,"showImageEffects":true,"showParticleSystems":true},"in2DMode":false,"pivot":{"x":64.34183502197266,"y":-6.243172645568848,"z":451.1970520019531},"rotation":{"x":0.21283990144729615,"y":-0.236696258187294,"z":0.05184098705649376,"w":0.9467271566390991},"size":311.5310974121094,"orthographic":false}