{"cameraMode":{"drawMode":0,"name":"Shaded","section":"Shading Mode"},"sceneLighting":false,"audioPlay":false,"sceneViewState":{"showFog":true,"showMaterialUpdate":true,"showSkybox":true,"showFlares":true,"showImageEffects":true,"showParticleSystems":true},"in2DMode":false,"pivot":{"x":-0.0009061768651008606,"y":0.30006152391433718,"z":0.00009026378393173218},"rotation":{"x":-0.054992303252220157,"y":-0.4365760385990143,"z":-0.026750540360808374,"w":0.8976099491119385},"size":1.311718463897705,"orthographic":false}