{"cameraMode":{"drawMode":0,"name":"Shaded","section":"Shading Mode"},"sceneLighting":false,"audioPlay":false,"sceneViewState":{"showFog":true,"showMaterialUpdate":true,"showSkybox":true,"showFlares":true,"showImageEffects":true,"showParticleSystems":true},"in2DMode":false,"pivot":{"x":133.24693298339845,"y":324.1011962890625,"z":155.38497924804688},"rotation":{"x":0.1879153698682785,"y":-0.09173570573329926,"z":0.021727634593844415,"w":0.977936327457428},"size":19.84299087524414,"orthographic":false}