{"cameraMode":{"drawMode":0,"name":"Shaded","section":"Shading Mode"},"sceneLighting":true,"audioPlay":false,"sceneViewState":{"showFog":true,"showMaterialUpdate":true,"showSkybox":true,"showFlares":true,"showImageEffects":true,"showParticleSystems":true},"in2DMode":false,"pivot":{"x":-3793.88232421875,"y":-2268.26513671875,"z":503.8680419921875},"rotation":{"x":0.2001449167728424,"y":-0.6442196369171143,"z":0.18032371997833253,"w":0.7160773873329163},"size":4615.5224609375,"orthographic":false}