{"cameraMode":{"drawMode":0,"name":"Shaded","section":"Shading Mode"},"sceneLighting":false,"audioPlay":false,"sceneViewState":{"showFog":true,"showMaterialUpdate":true,"showSkybox":true,"showFlares":true,"showImageEffects":true,"showParticleSystems":true},"in2DMode":false,"pivot":{"x":319.19085693359377,"y":439.3055725097656,"z":-54.76530075073242},"rotation":{"x":-0.16225044429302216,"y":0.8380390405654907,"z":0.34379321336746218,"w":0.39177557826042178},"size":438.5610046386719,"orthographic":false}