{"cameraMode":{"drawMode":0,"name":"Shaded","section":"Shading Mode"},"sceneLighting":false,"audioPlay":false,"sceneViewState":{"showFog":true,"showMaterialUpdate":true,"showSkybox":true,"showFlares":true,"showImageEffects":true,"showParticleSystems":true},"in2DMode":false,"pivot":{"x":-221.50814819335938,"y":-1595.8271484375,"z":-1475.0528564453125},"rotation":{"x":-0.060084231197834018,"y":0.8992930054664612,"z":-0.41329267621040347,"w":-0.13034801185131074},"size":3163.326904296875,"orthographic":false}