{"cameraMode":{"drawMode":0,"name":"Shaded","section":"Shading Mode"},"sceneLighting":false,"audioPlay":false,"sceneViewState":{"showFog":true,"showMaterialUpdate":true,"showSkybox":true,"showFlares":true,"showImageEffects":true,"showParticleSystems":true},"in2DMode":false,"pivot":{"x":126.00902557373047,"y":235.94781494140626,"z":254.07473754882813},"rotation":{"x":0.0003607783291954547,"y":0.9521657228469849,"z":-0.3058575987815857,"w":0.003061434021219611},"size":20.660167694091798,"orthographic":false}