{"cameraMode":{"drawMode":0,"name":"Shaded","section":"Shading Mode"},"sceneLighting":true,"audioPlay":false,"sceneViewState":{"showFog":true,"showMaterialUpdate":true,"showSkybox":true,"showFlares":true,"showImageEffects":true,"showParticleSystems":true},"in2DMode":false,"pivot":{"x":90.70394897460938,"y":94.75597381591797,"z":116.17857360839844},"rotation":{"x":0.011382282711565495,"y":-0.9820696115493774,"z":-0.17730586230754853,"w":-0.06304458528757096},"size":1.531760573387146,"orthographic":false}