{"cameraMode":{"drawMode":0,"name":"Shaded","section":"Shading Mode"},"sceneLighting":false,"audioPlay":false,"sceneViewState":{"showFog":true,"showMaterialUpdate":true,"showSkybox":true,"showFlares":true,"showImageEffects":true,"showParticleSystems":true},"in2DMode":false,"pivot":{"x":76.64999389648438,"y":-107.60002136230469,"z":78.80934143066406},"rotation":{"x":-0.1663939356803894,"y":0.6209537386894226,"z":0.13693730533123017,"w":0.7537018656730652},"size":29.861162185668947,"orthographic":false}