{"cameraMode":{"drawMode":0,"name":"Shaded","section":"Shading Mode"},"sceneLighting":true,"audioPlay":false,"sceneViewState":{"showFog":true,"showMaterialUpdate":true,"showSkybox":true,"showFlares":true,"showImageEffects":true,"showParticleSystems":true},"in2DMode":false,"pivot":{"x":26.78246307373047,"y":-31.683292388916017,"z":-9.916160583496094},"rotation":{"x":0.2468602955341339,"y":0.6493107080459595,"z":-0.2344704568386078,"w":0.6800709962844849},"size":91.29261779785156,"orthographic":false}