{"cameraMode":{"drawMode":0,"name":"Shaded","section":"Shading Mode"},"sceneLighting":false,"audioPlay":false,"sceneViewState":{"showFog":true,"showMaterialUpdate":true,"showSkybox":true,"showFlares":true,"showImageEffects":true,"showParticleSystems":true},"in2DMode":false,"pivot":{"x":234.77621459960938,"y":518.38427734375,"z":152.18357849121095},"rotation":{"x":-0.410200834274292,"y":0.5803698301315308,"z":0.42423877120018008,"w":0.5612282752990723},"size":348.94256591796877,"orthographic":false}