{"cameraMode":{"drawMode":0,"name":"Shaded","section":"Shading Mode"},"sceneLighting":true,"audioPlay":false,"sceneViewState":{"showFog":true,"showMaterialUpdate":true,"showSkybox":true,"showFlares":true,"showImageEffects":true,"showParticleSystems":true},"in2DMode":false,"pivot":{"x":186.59901428222657,"y":-25.616540908813478,"z":-50.121952056884769},"rotation":{"x":-0.1308443546295166,"y":-0.8693967461585999,"z":0.343730628490448,"w":-0.3302781581878662},"size":305.19476318359377,"orthographic":false}