{"cameraMode":{"drawMode":0,"name":"Shaded","section":"Shading Mode"},"sceneLighting":false,"audioPlay":false,"sceneViewState":{"showFog":true,"showMaterialUpdate":true,"showSkybox":true,"showFlares":true,"showImageEffects":true,"showParticleSystems":true},"in2DMode":false,"pivot":{"x":-90.54003143310547,"y":-14.655712127685547,"z":-39.805992126464847},"rotation":{"x":-0.07888665795326233,"y":0.8280655145645142,"z":-0.11991049349308014,"w":-0.5423876643180847},"size":101.73529052734375,"orthographic":false}