{"cameraMode":{"drawMode":0,"name":"Shaded","section":"Shading Mode"},"sceneLighting":true,"audioPlay":false,"sceneViewState":{"showFog":true,"showMaterialUpdate":true,"showSkybox":true,"showFlares":true,"showImageEffects":true,"showParticleSystems":true},"in2DMode":false,"pivot":{"x":86.46817016601563,"y":91.1895523071289,"z":211.3375244140625},"rotation":{"x":0.5059366226196289,"y":-0.06874550133943558,"z":0.03922794759273529,"w":0.8592520952224731},"size":270.21417236328127,"orthographic":false}