{"cameraMode":{"drawMode":0,"name":"Shaded","section":"Shading Mode"},"sceneLighting":true,"audioPlay":false,"sceneViewState":{"showFog":true,"showMaterialUpdate":true,"showSkybox":true,"showFlares":true,"showImageEffects":true,"showParticleSystems":true},"in2DMode":false,"pivot":{"x":19.681156158447267,"y":218.31106567382813,"z":97.75630950927735},"rotation":{"x":-0.3638926148414612,"y":0.015729600563645364,"z":0.006555739790201187,"w":0.9314903616905212},"size":35.926231384277347,"orthographic":false}