{"cameraMode":{"drawMode":0,"name":"Shaded","section":"Shading Mode"},"sceneLighting":false,"audioPlay":false,"sceneViewState":{"showFog":true,"showMaterialUpdate":true,"showSkybox":true,"showFlares":true,"showImageEffects":true,"showParticleSystems":true},"in2DMode":false,"pivot":{"x":-5.868098258972168,"y":-2.1574277877807619,"z":-0.9855531454086304},"rotation":{"x":-0.09763205051422119,"y":0.8011178374290466,"z":-0.1361239105463028,"w":-0.5745894908905029},"size":22.0,"orthographic":false}