{"cameraMode":{"drawMode":0,"name":"Shaded","section":"Shading Mode"},"sceneLighting":true,"audioPlay":false,"sceneViewState":{"showFog":true,"showMaterialUpdate":true,"showSkybox":true,"showFlares":true,"showImageEffects":true,"showParticleSystems":true},"in2DMode":false,"pivot":{"x":112.7663345336914,"y":135.38926696777345,"z":67.86980438232422},"rotation":{"x":-0.01924857310950756,"y":0.9170613884925842,"z":-0.04610161855816841,"w":-0.39574527740478518},"size":4.212583065032959,"orthographic":false}