{"cameraMode":{"drawMode":0,"name":"Shaded","section":"Shading Mode"},"sceneLighting":true,"audioPlay":false,"sceneViewState":{"showFog":true,"showMaterialUpdate":true,"showSkybox":true,"showFlares":true,"showImageEffects":true,"showParticleSystems":true},"in2DMode":false,"pivot":{"x":81.56742858886719,"y":111.98780059814453,"z":57.465606689453128},"rotation":{"x":-0.028562305495142938,"y":0.6619534492492676,"z":0.02526870183646679,"w":0.748601496219635},"size":14.458276748657227,"orthographic":false}