{"cameraMode":{"drawMode":0,"name":"Shaded","section":"Shading Mode"},"sceneLighting":false,"audioPlay":false,"sceneViewState":{"showFog":true,"showMaterialUpdate":true,"showSkybox":true,"showFlares":true,"showImageEffects":true,"showParticleSystems":true},"in2DMode":false,"pivot":{"x":8.185423851013184,"y":-14.673501014709473,"z":-62.892967224121097},"rotation":{"x":0.02447827346622944,"y":0.9746394157409668,"z":-0.1773867905139923,"w":0.1359768956899643},"size":101.73529052734375,"orthographic":false}