{"cameraMode":{"drawMode":0,"name":"Shaded","section":"Shading Mode"},"sceneLighting":false,"audioPlay":false,"sceneViewState":{"showFog":true,"showMaterialUpdate":true,"showSkybox":true,"showFlares":true,"showImageEffects":true,"showParticleSystems":true},"in2DMode":false,"pivot":{"x":1450.99560546875,"y":249.7825164794922,"z":-124.4594497680664},"rotation":{"x":0.005857657641172409,"y":-0.756307065486908,"z":-0.0069956546649336819,"w":-0.6542462706565857},"size":1398.76953125,"orthographic":false}