{"cameraMode":{"drawMode":0,"name":"Shaded","section":"Shading Mode"},"sceneLighting":true,"audioPlay":false,"sceneViewState":{"showFog":true,"showMaterialUpdate":true,"showSkybox":true,"showFlares":true,"showImageEffects":true,"showParticleSystems":true},"in2DMode":false,"pivot":{"x":100.11927032470703,"y":319.3150634765625,"z":102.90119934082031},"rotation":{"x":-0.053628139197826388,"y":0.9413171410560608,"z":-0.28070253133773806,"w":-0.17977455258369447},"size":0.5045104622840881,"orthographic":false}