{"cameraMode":{"drawMode":0,"name":"Shaded","section":"Shading Mode"},"sceneLighting":true,"audioPlay":false,"sceneViewState":{"showFog":true,"showMaterialUpdate":true,"showSkybox":true,"showFlares":true,"showImageEffects":true,"showParticleSystems":true},"in2DMode":false,"pivot":{"x":99.77799987792969,"y":162.1378936767578,"z":66.31463623046875},"rotation":{"x":0.23334959149360658,"y":-0.7457330226898193,"z":0.32782092690467837,"w":0.5311428308486939},"size":2.8578836917877199,"orthographic":false}