{"cameraMode":{"drawMode":0,"name":"Shaded","section":"Shading Mode"},"sceneLighting":false,"audioPlay":false,"sceneViewState":{"showFog":true,"showMaterialUpdate":true,"showSkybox":true,"showFlares":true,"showImageEffects":true,"showParticleSystems":true},"in2DMode":false,"pivot":{"x":-154.07980346679688,"y":-161.15391540527345,"z":274.6770324707031},"rotation":{"x":0.31325042247772219,"y":-0.40411579608917239,"z":0.14964419603347779,"w":0.846325695514679},"size":566.2825317382813,"orthographic":false}