{"cameraMode":{"drawMode":0,"name":"Shaded","section":"Shading Mode"},"sceneLighting":true,"audioPlay":false,"sceneViewState":{"showFog":true,"showMaterialUpdate":true,"showSkybox":true,"showFlares":true,"showImageEffects":true,"showParticleSystems":true},"in2DMode":false,"pivot":{"x":79.61785125732422,"y":111.86204528808594,"z":33.841392517089847},"rotation":{"x":0.02513313852250576,"y":-0.7823957204818726,"z":0.031868573278188708,"w":0.6215847134590149},"size":2.8578836917877199,"orthographic":false}