{"cameraMode":{"drawMode":0,"name":"Shaded","section":"Shading Mode"},"sceneLighting":true,"audioPlay":false,"sceneViewState":{"showFog":true,"showMaterialUpdate":true,"showSkybox":true,"showFlares":true,"showImageEffects":true,"showParticleSystems":true},"in2DMode":false,"pivot":{"x":75.36483001708985,"y":100.52098083496094,"z":170.53936767578126},"rotation":{"x":-0.17095012962818147,"y":-0.6586232781410217,"z":0.15681789815425874,"w":-0.7159425616264343},"size":41.075111389160159,"orthographic":false}