{"cameraMode":{"drawMode":0,"name":"Shaded","section":"Shading Mode"},"sceneLighting":false,"audioPlay":false,"sceneViewState":{"showFog":true,"showMaterialUpdate":true,"showSkybox":true,"showFlares":true,"showImageEffects":true,"showParticleSystems":true},"in2DMode":false,"pivot":{"x":253.80137634277345,"y":271.4899597167969,"z":217.03211975097657},"rotation":{"x":0.10900436341762543,"y":0.4446239173412323,"z":-0.05450866371393204,"w":0.8878908753395081},"size":200.0518798828125,"orthographic":false}