{"cameraMode":{"drawMode":0,"name":"Shaded","section":"Shading Mode"},"sceneLighting":true,"audioPlay":false,"sceneViewState":{"showFog":true,"showMaterialUpdate":true,"showSkybox":true,"showFlares":true,"showImageEffects":true,"showParticleSystems":true},"in2DMode":false,"pivot":{"x":4409.447265625,"y":-6075.80322265625,"z":-1711.1619873046875},"rotation":{"x":-0.24995382130146027,"y":-0.742829442024231,"z":0.3689277768135071,"w":-0.500265896320343},"size":7762.33544921875,"orthographic":false}