{"cameraMode":{"drawMode":0,"name":"Shaded","section":"Shading Mode"},"sceneLighting":false,"audioPlay":false,"sceneViewState":{"showFog":true,"showMaterialUpdate":true,"showSkybox":true,"showFlares":true,"showImageEffects":true,"showParticleSystems":true},"in2DMode":false,"pivot":{"x":141.57337951660157,"y":655.785888671875,"z":-222.282958984375},"rotation":{"x":0.019754815846681596,"y":0.9090989828109741,"z":0.4138442575931549,"w":-0.04339638724923134},"size":340.8812561035156,"orthographic":false}