{"cameraMode":{"drawMode":0,"name":"Shaded","section":"Shading Mode"},"sceneLighting":true,"audioPlay":false,"sceneViewState":{"showFog":true,"showMaterialUpdate":true,"showSkybox":true,"showFlares":true,"showImageEffects":true,"showParticleSystems":true},"in2DMode":false,"pivot":{"x":170.8858184814453,"y":168.2244873046875,"z":21.550155639648439},"rotation":{"x":-0.00997138675302267,"y":0.9658799767494202,"z":0.25610941648483279,"w":0.03767850995063782},"size":161.1468963623047,"orthographic":false}