{"cameraMode":{"drawMode":0,"name":"Shaded","section":"Shading Mode"},"sceneLighting":false,"audioPlay":false,"sceneViewState":{"showFog":true,"showMaterialUpdate":true,"showSkybox":true,"showFlares":true,"showImageEffects":true,"showParticleSystems":true},"in2DMode":false,"pivot":{"x":108.04580688476563,"y":-2643.439208984375,"z":174.9189453125},"rotation":{"x":0.051287852227687839,"y":-0.7951520085334778,"z":0.6004785895347595,"w":0.06784398853778839},"size":13105.9677734375,"orthographic":false}