{"cameraMode":{"drawMode":0,"name":"Shaded","section":"Shading Mode"},"sceneLighting":false,"audioPlay":false,"sceneViewState":{"showFog":true,"showMaterialUpdate":true,"showSkybox":true,"showFlares":true,"showImageEffects":true,"showParticleSystems":true},"in2DMode":false,"pivot":{"x":92.53155517578125,"y":320.8268127441406,"z":84.99608612060547},"rotation":{"x":0.006279043387621641,"y":0.9806669354438782,"z":0.029632195830345155,"w":-0.19456303119659425},"size":22.0,"orthographic":false}