{"cameraMode":{"drawMode":0,"name":"Shaded","section":"Shading Mode"},"sceneLighting":false,"audioPlay":false,"sceneViewState":{"showFog":true,"showMaterialUpdate":true,"showSkybox":true,"showFlares":true,"showImageEffects":true,"showParticleSystems":true},"in2DMode":false,"pivot":{"x":60.177825927734378,"y":19.8543643951416,"z":175.09466552734376},"rotation":{"x":0.07648388296365738,"y":0.6921472549438477,"z":-0.07322228699922562,"w":0.7141014933586121},"size":7.6262102127075199,"orthographic":false}