{"cameraMode":{"drawMode":0,"name":"Shaded","section":"Shading Mode"},"sceneLighting":false,"audioPlay":false,"sceneViewState":{"showFog":true,"showMaterialUpdate":true,"showSkybox":true,"showFlares":true,"showImageEffects":true,"showParticleSystems":true},"in2DMode":false,"pivot":{"x":40.632606506347659,"y":58.35038757324219,"z":321.7759704589844},"rotation":{"x":-0.24992793798446656,"y":0.6428316235542297,"z":-0.23450815677642823,"w":-0.6850718855857849},"size":913.1876220703125,"orthographic":false}