{"cameraMode":{"drawMode":0,"name":"Shaded","section":"Shading Mode"},"sceneLighting":true,"audioPlay":false,"sceneViewState":{"showFog":true,"showMaterialUpdate":true,"showSkybox":true,"showFlares":true,"showImageEffects":true,"showParticleSystems":true},"in2DMode":false,"pivot":{"x":197.82351684570313,"y":318.0545654296875,"z":222.1488800048828},"rotation":{"x":-0.021993426606059076,"y":-0.9855117797851563,"z":0.14786338806152345,"w":-0.08571184426546097},"size":10.502132415771485,"orthographic":false}