{"cameraMode":{"drawMode":0,"name":"Shaded","section":"Shading Mode"},"sceneLighting":false,"audioPlay":false,"sceneViewState":{"showFog":true,"showMaterialUpdate":true,"showSkybox":true,"showFlares":true,"showImageEffects":true,"showParticleSystems":true},"in2DMode":false,"pivot":{"x":102.17825317382813,"y":14.362762451171875,"z":559.7323608398438},"rotation":{"x":0.1316201090812683,"y":-0.13099360466003419,"z":0.017507493495941163,"w":0.9824866056442261},"size":1217.067626953125,"orthographic":false}