{"cameraMode":{"drawMode":0,"name":"Shaded","section":"Shading Mode"},"sceneLighting":false,"audioPlay":false,"sceneViewState":{"showFog":true,"showMaterialUpdate":true,"showSkybox":true,"showFlares":true,"showImageEffects":true,"showParticleSystems":true},"in2DMode":false,"pivot":{"x":69.63109588623047,"y":35.2807731628418,"z":-33.90757751464844},"rotation":{"x":0.04756179824471474,"y":-0.9355140328407288,"z":0.1381915956735611,"w":0.32174399495124819},"size":114.13968658447266,"orthographic":false}