{"cameraMode":{"drawMode":0,"name":"Shaded","section":"Shading Mode"},"sceneLighting":true,"audioPlay":false,"sceneViewState":{"showFog":true,"showMaterialUpdate":true,"showSkybox":true,"showFlares":true,"showImageEffects":true,"showParticleSystems":true},"in2DMode":false,"pivot":{"x":90.8615493774414,"y":115.6119384765625,"z":114.053466796875},"rotation":{"x":0.0002023248962359503,"y":-0.9986899495124817,"z":-0.05109637975692749,"w":-0.003887544386088848},"size":10.5354642868042,"orthographic":false}