{"cameraMode":{"drawMode":0,"name":"Shaded","section":"Shading Mode"},"sceneLighting":false,"audioPlay":false,"sceneViewState":{"showFog":true,"showMaterialUpdate":true,"showSkybox":true,"showFlares":true,"showImageEffects":true,"showParticleSystems":true},"in2DMode":false,"pivot":{"x":154.7968292236328,"y":56.00730514526367,"z":-53.34178161621094},"rotation":{"x":-0.005469367373734713,"y":0.9937983751296997,"z":0.09538829326629639,"w":0.05700776353478432},"size":231.14402770996095,"orthographic":false}