{"cameraMode":{"drawMode":0,"name":"Shaded","section":"Shading Mode"},"sceneLighting":true,"audioPlay":false,"sceneViewState":{"showFog":true,"showMaterialUpdate":true,"showSkybox":true,"showFlares":true,"showImageEffects":true,"showParticleSystems":true},"in2DMode":false,"pivot":{"x":98.46244049072266,"y":31.874303817749025,"z":158.79139709472657},"rotation":{"x":0.06837225705385208,"y":0.8096053600311279,"z":0.09516113251447678,"w":-0.5753620266914368},"size":1.6451655626296998,"orthographic":false}