{"cameraMode":{"drawMode":0,"name":"Shaded","section":"Shading Mode"},"sceneLighting":true,"audioPlay":false,"sceneViewState":{"showFog":true,"showMaterialUpdate":true,"showSkybox":true,"showFlares":true,"showImageEffects":true,"showParticleSystems":true},"in2DMode":false,"pivot":{"x":116.06492614746094,"y":116.71990966796875,"z":77.97481536865235},"rotation":{"x":0.03368684649467468,"y":-0.9301198720932007,"z":0.08974600583314896,"w":0.3547815978527069},"size":53.26478576660156,"orthographic":false}