{"cameraMode":{"drawMode":0,"name":"Shaded","section":"Shading Mode"},"sceneLighting":true,"audioPlay":false,"sceneViewState":{"showFog":true,"showMaterialUpdate":true,"showSkybox":true,"showFlares":true,"showImageEffects":true,"showParticleSystems":true},"in2DMode":false,"pivot":{"x":-5.360546588897705,"y":-2.456040859222412,"z":-10.52917194366455},"rotation":{"x":0.04169343411922455,"y":-0.9485248923301697,"z":0.18465237319469453,"w":0.25561487674713137},"size":18.3948917388916,"orthographic":false}