{"cameraMode":{"drawMode":0,"name":"Shaded","section":"Shading Mode"},"sceneLighting":false,"audioPlay":false,"sceneViewState":{"showFog":true,"showMaterialUpdate":true,"showSkybox":true,"showFlares":true,"showImageEffects":true,"showParticleSystems":true},"in2DMode":false,"pivot":{"x":139.3006591796875,"y":100.73280334472656,"z":180.1363983154297},"rotation":{"x":-0.17962974309921266,"y":0.6503551602363586,"z":0.1618432253599167,"w":0.7202062010765076},"size":29.861175537109376,"orthographic":false}