{"cameraMode":{"drawMode":0,"name":"Shaded","section":"Shading Mode"},"sceneLighting":false,"audioPlay":false,"sceneViewState":{"showFog":true,"showMaterialUpdate":true,"showSkybox":true,"showFlares":true,"showImageEffects":true,"showParticleSystems":true},"in2DMode":false,"pivot":{"x":1018.0477294921875,"y":-552.16162109375,"z":275.703125},"rotation":{"x":-0.25328928232192995,"y":-0.6344987154006958,"z":0.23301972448825837,"w":-0.6922276616096497},"size":1055.0509033203125,"orthographic":false}