{"cameraMode":{"drawMode":0,"name":"Shaded","section":"Shading Mode"},"sceneLighting":true,"audioPlay":false,"sceneViewState":{"showFog":true,"showMaterialUpdate":true,"showSkybox":true,"showFlares":true,"showImageEffects":true,"showParticleSystems":true},"in2DMode":false,"pivot":{"x":98.37137603759766,"y":119.10394287109375,"z":90.68125915527344},"rotation":{"x":-0.08719122409820557,"y":0.36797240376472475,"z":-0.03578292578458786,"w":-0.9250549077987671},"size":9.310219764709473,"orthographic":false}