{"cameraMode":{"drawMode":0,"name":"Shaded","section":"Shading Mode"},"sceneLighting":false,"audioPlay":false,"sceneViewState":{"showFog":true,"showMaterialUpdate":true,"showSkybox":true,"showFlares":true,"showImageEffects":true,"showParticleSystems":true},"in2DMode":false,"pivot":{"x":-133.9816436767578,"y":2.6752607822418215,"z":-50.88050079345703},"rotation":{"x":-0.009650899097323418,"y":0.8232004642486572,"z":-0.013385593891143799,"w":-0.5679336190223694},"size":101.73529052734375,"orthographic":false}